City_ID,City,Country,Date,Lat,Lng,Max Temp,Humidity,Cloudiness,Wind Speed
0,Darhan,MN,2022-09-07 20:08:40,49.4867,105.9228,60.37,61,81,4.59
1,Severo-Kurilsk,RU,2022-09-07 20:08:40,50.6789,156.125,56.39,93,100,18.01
2,Punta Arenas,CL,2022-09-07 20:08:40,-53.15,-70.9167,41.11,60,75,18.41
3,Rikitea,PF,2022-09-07 20:08:40,-23.1203,-134.9692,72.55,74,6,23.85
4,Borogontsy,RU,2022-09-07 20:08:41,62.6683,131.1683,42.48,83,100,12.19
5,Bambanglipuro,ID,2022-09-07 20:08:41,-7.95,110.2833,75.27,91,97,5.57
6,Lavrentiya,RU,2022-09-07 20:08:41,65.5833,-171.0,44.01,88,100,11.5
7,Atuona,PF,2022-09-07 20:08:41,-9.8,-139.0333,76.84,81,34,27.6
8,Bambous Virieux,MU,2022-09-07 20:08:42,-20.3428,57.7575,70.05,83,75,3.44
9,Sorong,ID,2022-09-07 20:08:42,-0.8833,131.25,76.69,89,100,5.19
10,Bredasdorp,ZA,2022-09-07 20:08:42,-34.5322,20.0403,48.97,93,0,1.72
11,Richards Bay,ZA,2022-09-07 20:08:43,-28.783,32.0377,66.25,73,0,12.55
12,Saskylakh,RU,2022-09-07 20:08:43,71.9167,114.0833,35.69,85,97,6.58
13,Miguel Hidalgo,MX,2022-09-07 20:08:43,19.4225,-99.2028,73.51,53,40,8.05
14,Robertsport,LR,2022-09-07 20:08:43,6.7533,-11.3686,76.64,86,100,10.04
15,Tigzirt,DZ,2022-09-07 20:08:44,36.8886,4.1198,79.56,79,66,0.83
16,Yellowknife,CA,2022-09-07 20:08:44,62.456,-114.3525,48.56,70,100,13.0
17,Aklavik,CA,2022-09-07 20:08:44,68.2191,-135.0107,42.89,63,100,2.98
18,Xuddur,SO,2022-09-07 20:08:45,4.1213,43.8894,72.75,66,85,21.27
19,Sur,OM,2022-09-07 20:08:45,22.5667,59.5289,79.65,71,0,15.5
20,Provideniya,RU,2022-09-07 20:08:45,64.3833,-173.3,44.6,85,100,8.12
21,Flinders,AU,2022-09-07 20:08:46,-34.5833,150.8552,59.05,81,99,1.99
22,Hobart,AU,2022-09-07 20:08:46,-42.8794,147.3294,47.26,91,100,4.61
23,Chokurdakh,RU,2022-09-07 20:08:46,70.6333,147.9167,50.74,59,100,7.94
24,Jieshou,CN,2022-09-07 20:08:47,33.2634,115.3611,69.84,74,100,6.44
25,Bethel,US,2022-09-07 20:08:47,41.3712,-73.414,73.49,72,100,8.05
26,Chuy,UY,2022-09-07 20:08:47,-33.6971,-53.4616,66.79,75,7,5.82
27,Saint-Philippe,RE,2022-09-07 20:08:47,-21.3585,55.7679,69.39,72,18,4.74
28,Avarua,CK,2022-09-07 20:08:48,-21.2078,-159.775,77.05,73,75,11.5
29,Aubenas,FR,2022-09-07 20:08:48,44.6201,4.3899,69.17,96,77,3.2
30,Ushuaia,AR,2022-09-07 20:06:43,-54.8,-68.3,42.42,65,20,3.44
31,Harnosand,SE,2022-09-07 20:08:48,62.6323,17.9379,53.01,70,100,7.63
32,Namatanai,PG,2022-09-07 20:08:49,-3.6667,152.4333,78.49,82,13,6.11
33,Lodja,CD,2022-09-07 20:08:49,-3.4833,23.4333,74.98,72,89,1.45
34,Jinchang,CN,2022-09-07 20:08:49,38.4953,102.1739,69.01,26,99,3.13
35,The Pas,CA,2022-09-07 20:08:50,53.8251,-101.2541,79.39,21,28,8.5
36,Havelian,PK,2022-09-07 20:08:50,34.0536,73.1657,78.82,79,0,4.83
37,Albany,US,2022-09-07 20:08:50,42.6001,-73.9662,70.29,80,99,1.25
38,Zakopane,PL,2022-09-07 20:08:50,49.299,19.9489,56.14,90,100,3.91
39,New Norfolk,AU,2022-09-07 20:08:51,-42.7826,147.0587,46.92,81,96,1.45
40,Cidreira,BR,2022-09-07 20:08:51,-30.1811,-50.2056,64.89,81,52,12.93
41,Saint Anthony,US,2022-09-07 20:08:51,45.0205,-93.218,89.65,51,20,9.22
42,Nikolskoye,RU,2022-09-07 20:08:52,59.7035,30.7861,48.78,90,38,5.3
43,Ixtapa,MX,2022-09-07 20:09:52,20.7,-105.2,91.22,62,100,5.75
44,Meulaboh,ID,2022-09-07 20:07:19,4.1363,96.1285,75.87,84,100,2.82
45,Sidi Ali,DZ,2022-09-07 20:09:52,36.0998,0.4206,75.13,60,2,5.66
46,Upernavik,GL,2022-09-07 20:08:46,72.7868,-56.1549,37.78,84,98,4.09
47,Jamestown,US,2022-09-07 20:06:06,42.097,-79.2353,69.39,74,100,6.91
48,Bulgan,MN,2022-09-07 20:09:53,48.8125,103.5347,58.66,48,2,3.09
49,Tiksi,RU,2022-09-07 20:09:53,71.6872,128.8694,40.78,86,96,7.65
50,Dingle,PH,2022-09-07 20:09:53,10.9995,122.6711,75.51,93,80,4.83
51,Marsh Harbour,BS,2022-09-07 20:05:34,26.5412,-77.0636,84.29,70,6,9.51
52,Edeia,BR,2022-09-07 20:09:54,-17.3383,-49.9314,93.54,16,6,0.81
53,Kavieng,PG,2022-09-07 20:09:54,-2.5744,150.7967,81.52,79,85,14.63
54,Lebu,CL,2022-09-07 20:09:54,-37.6167,-73.65,49.26,57,47,11.97
55,Gat,IL,2022-09-07 20:09:54,31.61,34.7642,79.81,100,0,5.53
56,Yar-Sale,RU,2022-09-07 20:09:55,66.8333,70.8333,33.93,80,94,6.96
57,Arraial Do Cabo,BR,2022-09-07 20:09:55,-22.9661,-42.0278,71.46,64,0,21.85
58,Cape Town,ZA,2022-09-07 20:09:55,-33.9258,18.4232,58.08,78,0,11.32
59,Vaini,TO,2022-09-07 20:09:56,-21.2,-175.2,77.16,83,40,6.91
60,Bilma,NE,2022-09-07 20:09:56,18.6853,12.9164,95.2,25,19,5.99
61,Lima,PE,2022-09-07 20:07:10,-12.0432,-77.0282,65.89,75,100,11.5
62,Qaanaaq,GL,2022-09-07 20:09:56,77.484,-69.3632,36.16,80,83,2.35
63,Ancud,CL,2022-09-07 20:09:57,-41.8697,-73.8203,45.23,88,100,10.67
64,Poum,NC,2022-09-07 20:09:57,-20.2333,164.0167,70.9,80,73,10.36
65,Maceio,BR,2022-09-07 20:09:57,-9.6658,-35.7353,78.24,69,20,11.5
66,Ilulissat,GL,2022-09-07 20:09:57,69.2167,-51.1,34.93,98,100,4.12
67,Ribeira Grande,PT,2022-09-07 20:09:58,38.5167,-28.7,77.4,88,75,12.66
68,Amapa,BR,2022-09-07 20:09:58,1.0,-52.0,76.03,87,100,11.34
69,Bluff,NZ,2022-09-07 20:09:58,-46.6,168.3333,41.81,74,88,1.57
70,Saint-Georges,GD,2022-09-07 20:09:59,12.0564,-61.7485,85.14,66,99,9.6
71,Ostrovnoy,RU,2022-09-07 20:09:59,68.0531,39.5131,43.21,79,100,13.78
72,Bandarbeyla,SO,2022-09-07 20:09:59,9.4942,50.8122,76.53,83,6,29.59
73,Souillac,MU,2022-09-07 20:09:59,-20.5167,57.5167,70.18,83,75,3.44
74,Puerto Narino,CO,2022-09-07 20:10:00,-3.7703,-70.3831,85.15,60,98,1.25
75,Kushima,JP,2022-09-07 20:10:00,31.4583,131.2333,72.16,72,78,5.41
76,Hermanus,ZA,2022-09-07 20:10:00,-34.4187,19.2345,53.8,86,0,8.5
77,Busselton,AU,2022-09-07 20:10:01,-33.65,115.3333,48.0,83,68,5.73
78,Ucluelet,CA,2022-09-07 20:10:01,48.9329,-125.5528,65.08,74,0,5.99
79,Rosario,AR,2022-09-07 20:10:01,-32.9468,-60.6393,83.1,27,0,19.57
80,Mataura,NZ,2022-09-07 20:10:01,-46.1927,168.8643,41.49,97,100,1.99
81,Lagoa,PT,2022-09-07 20:10:02,39.05,-27.9833,74.89,88,100,21.74
82,Lorengau,PG,2022-09-07 20:10:02,-2.0226,147.2712,79.21,81,98,2.04
83,Sungairaya,ID,2022-09-07 20:10:03,0.7,108.9,77.67,86,100,4.12
84,Portland,US,2022-09-07 20:10:03,45.5234,-122.6762,84.7,38,75,10.36
85,Port Elizabeth,ZA,2022-09-07 20:10:03,-33.918,25.5701,58.1,97,1,1.99
86,Ust-Uda,RU,2022-09-07 20:10:04,54.1742,103.0304,53.87,89,98,4.21
87,Kapaa,US,2022-09-07 20:10:04,22.0752,-159.319,84.52,73,20,14.97
88,Krasnoturansk,RU,2022-09-07 20:10:04,54.3186,91.5639,64.29,49,100,2.77
89,Akropong,GH,2022-09-07 20:11:05,5.9746,-0.0854,71.89,84,35,8.05
90,Pangnirtung,CA,2022-09-07 20:11:05,66.1451,-65.7125,50.85,53,97,8.21
91,East London,ZA,2022-09-07 20:08:21,-33.0153,27.9116,64.31,84,26,14.52
92,Olmos,PE,2022-09-07 20:11:05,-5.9847,-79.7453,79.9,37,84,14.23
93,Thompson,CA,2022-09-07 20:11:06,55.7435,-97.8558,73.54,24,10,11.27
94,Nova Olimpia,BR,2022-09-07 20:11:06,-14.7972,-57.2881,102.52,15,5,9.08
95,Rudnyy,KZ,2022-09-07 20:11:06,52.9594,63.1206,43.03,67,9,7.81
96,Iquique,CL,2022-09-07 20:11:06,-20.2208,-70.1431,59.04,67,26,6.98
97,Shingu,JP,2022-09-07 20:11:07,33.7333,135.9833,75.16,90,99,5.86
98,Byron Bay,AU,2022-09-07 20:11:07,-28.65,153.6167,48.94,81,19,2.35
99,New Iberia,US,2022-09-07 20:11:07,30.0035,-91.8187,91.4,46,0,5.75
100,Cherskiy,RU,2022-09-07 20:11:08,68.75,161.3,47.32,54,100,10.89
101,Rawson,AR,2022-09-07 20:10:56,-43.3002,-65.1023,45.86,58,96,18.97
102,Bengkulu,ID,2022-09-07 20:11:08,-3.8004,102.2655,73.42,91,100,2.08
103,Iskateley,RU,2022-09-07 20:11:08,67.6803,53.1512,37.06,90,96,6.02
104,Mehamn,NO,2022-09-07 20:11:09,71.0357,27.8492,44.55,93,75,10.36
105,Anadyr,RU,2022-09-07 20:11:09,64.75,177.4833,42.87,61,2,2.98
106,Port Lincoln,AU,2022-09-07 20:11:09,-34.7333,135.8667,51.31,92,70,12.37
107,Sungaipenuh,ID,2022-09-07 20:11:09,-2.0833,101.3833,61.72,89,100,1.61
108,Krasnokamensk,RU,2022-09-07 20:11:10,50.0979,118.0369,48.94,83,1,6.24
109,Port Blair,IN,2022-09-07 20:11:10,11.6667,92.75,77.41,87,100,14.14
110,Padang,ID,2022-09-07 20:11:10,-0.9492,100.3543,76.53,82,100,4.83
111,Atyrau,KZ,2022-09-07 20:11:11,47.1167,51.8833,57.22,58,40,8.95
112,La Ronge,CA,2022-09-07 20:11:11,55.1001,-105.2842,68.25,42,98,9.22
113,Lata,PT,2022-09-07 20:11:11,40.1629,-8.3327,67.91,86,100,1.01
114,Mombetsu,JP,2022-09-07 20:11:11,44.3525,143.3525,60.96,72,0,9.28
115,Payo,ID,2022-09-07 20:11:12,-3.7508,103.6372,70.99,97,98,1.48
116,Ndola,ZM,2022-09-07 20:11:12,-12.9587,28.6366,66.92,38,0,8.08
117,Puerto Colombia,CO,2022-09-07 20:09:00,10.9878,-74.9547,82.49,74,100,6.02
118,Georgetown,MY,2022-09-07 20:07:03,5.4112,100.3354,78.73,92,20,0.0
119,Husavik,IS,2022-09-07 20:11:13,66.0449,-17.3389,52.59,84,48,3.76
120,Kalmunai,LK,2022-09-07 20:11:13,7.4167,81.8167,80.64,76,100,4.61
121,Victoria,HK,2022-09-07 20:11:13,22.2855,114.1577,83.32,83,98,8.99
122,Quelimane,MZ,2022-09-07 20:11:13,-17.8786,36.8883,70.39,79,0,5.28
123,Sibu,MY,2022-09-07 20:11:14,2.3,111.8167,72.32,99,27,0.16
124,Vao,NC,2022-09-07 20:11:14,-22.6667,167.4833,68.68,68,23,11.14
125,Santa Isabel Do Rio Negro,BR,2022-09-07 20:11:14,-0.4139,-65.0192,87.64,57,90,2.42
126,Tasiilaq,GL,2022-09-07 20:11:15,65.6145,-37.6368,42.96,98,100,2.26
127,Kousseri,CM,2022-09-07 20:11:15,12.0769,15.0306,82.96,70,100,6.38
128,Taltal,CL,2022-09-07 20:11:15,-25.4,-70.4833,58.48,69,83,4.38
129,San Rafael,AR,2022-09-07 20:07:46,-34.6177,-68.3301,64.99,16,98,13.8
130,Melnikovo,RU,2022-09-07 20:11:16,56.5558,84.085,54.25,63,63,19.46
131,Pontes E Lacerda,BR,2022-09-07 20:11:16,-15.2261,-59.3353,100.22,16,0,9.71
132,Pangkalanbuun,ID,2022-09-07 20:11:16,-2.6833,111.6167,74.03,98,100,2.21
133,Weihai,CN,2022-09-07 20:11:16,37.5017,122.1136,68.29,66,0,5.7
134,Mount Gambier,AU,2022-09-07 20:11:17,-37.8333,140.7667,54.77,98,100,11.14
135,Kaniv,UA,2022-09-07 20:12:04,49.7518,31.46,48.79,45,7,5.3
136,Piacabucu,BR,2022-09-07 20:12:17,-10.4056,-36.4344,74.71,71,1,10.29
137,Miles City,US,2022-09-07 20:10:58,46.4083,-105.8406,94.17,21,0,0.0
138,Havre-Saint-Pierre,CA,2022-09-07 20:12:18,50.2334,-63.5986,62.96,67,0,10.36
139,Uddevalla,SE,2022-09-07 20:12:18,58.3478,11.9424,59.25,81,100,7.96
140,Hambantota,LK,2022-09-07 20:12:18,6.1241,81.1185,78.64,81,100,17.98
141,Isangel,VU,2022-09-07 20:12:18,-19.55,169.2667,75.24,86,30,6.08
142,Coquimbo,CL,2022-09-07 20:10:10,-29.9533,-71.3436,55.13,71,75,6.91
143,Quatre Cocos,MU,2022-09-07 20:12:19,-20.2078,57.7625,69.91,71,67,9.26
144,Saint-Augustin,CA,2022-09-07 20:12:19,51.226,-58.6502,59.43,61,82,6.85
145,Les Cayes,HT,2022-09-07 20:12:19,18.2,-73.75,87.42,62,16,10.09
146,Puerto Ayora,EC,2022-09-07 20:12:20,-0.7393,-90.3518,75.16,95,100,8.99
147,Esperance,AU,2022-09-07 20:12:20,-33.8667,121.9,54.54,66,30,15.88
148,Auki,SB,2022-09-07 20:12:20,-8.7676,160.7034,77.07,87,26,4.5
149,Lazaro Cardenas,MX,2022-09-07 20:12:20,17.9583,-102.2,85.14,64,49,8.28
150,Avera,US,2022-09-07 20:12:21,33.194,-82.5271,88.56,38,100,5.19
151,Praia,CV,2022-09-07 20:12:21,14.9215,-23.5087,82.94,74,20,10.36
152,Carnarvon,AU,2022-09-07 20:12:21,-24.8667,113.6333,62.89,54,99,11.9
153,Zhangye,CN,2022-09-07 20:12:22,38.9342,100.4517,65.34,29,13,6.42
154,San Patricio,US,2022-09-07 20:12:22,28.017,-97.5169,91.08,49,100,5.88
155,Muli,MV,2022-09-07 20:12:22,2.9167,73.5667,81.52,78,86,16.49
156,Kendari,ID,2022-09-07 20:12:23,-3.945,122.4989,74.28,93,82,1.5
157,Rocha,UY,2022-09-07 20:12:23,-34.4833,-54.3333,70.02,68,0,6.53
158,Beringovskiy,RU,2022-09-07 20:12:23,63.05,179.3167,41.99,71,10,7.31
159,Kalanguy,RU,2022-09-07 20:12:16,51.0167,116.5167,45.27,86,62,2.35
160,Yumen,CN,2022-09-07 20:12:23,40.2833,97.2,67.24,14,0,3.09
161,Qasigiannguit,GL,2022-09-07 20:12:24,68.8193,-51.1922,41.25,97,100,3.94
162,Pithoragarh,IN,2022-09-07 20:10:40,29.5833,80.2167,61.48,91,11,2.1
163,Mount Isa,AU,2022-09-07 20:12:24,-20.7333,139.5,71.37,49,100,4.61
164,Hilo,US,2022-09-07 20:12:24,19.7297,-155.09,88.29,72,40,5.75
165,Granadilla De Abona,ES,2022-09-07 20:12:25,28.1188,-16.576,69.8,78,20,18.41
166,Saint George,US,2022-09-07 20:12:25,37.1041,-113.5841,104.95,17,0,4.0
167,Portsmouth,GB,2022-09-07 20:07:45,50.799,-1.0913,62.01,95,100,1.99
168,Gizo,SB,2022-09-07 20:12:25,-8.103,156.8419,80.92,78,42,5.82
169,San Marcos,US,2022-09-07 20:10:26,33.1434,-117.1661,109.83,48,0,10.36
170,Sisimiut,GL,2022-09-07 20:12:26,66.9395,-53.6735,39.7,91,100,4.72
171,Urucara,BR,2022-09-07 20:12:26,-2.5364,-57.76,94.77,37,62,3.24
172,Pevek,RU,2022-09-07 20:12:26,69.7008,170.3133,39.96,71,7,12.33
173,Clyde River,CA,2022-09-07 20:12:26,70.4692,-68.5914,35.83,100,100,18.41
174,Sitka,US,2022-09-07 20:11:25,57.0531,-135.33,60.69,72,75,8.05
175,Abu Dhabi,AE,2022-09-07 20:12:27,24.4667,54.3667,89.71,76,0,2.3
176,Dikson,RU,2022-09-07 20:12:27,73.5069,80.5464,37.27,90,100,19.17
177,Butaritari,KI,2022-09-07 20:12:27,3.0707,172.7902,81.82,70,100,12.33
178,Phenix City,US,2022-09-07 20:12:28,32.471,-85.0008,88.38,54,20,5.75
179,Tura,IN,2022-09-07 20:12:28,25.5198,90.2201,75.52,89,100,2.64
180,Batagay-Alyta,RU,2022-09-07 20:12:17,67.8006,130.4114,40.39,66,100,6.44
181,Itaituba,BR,2022-09-07 20:12:28,-4.2761,-55.9836,100.17,25,73,4.72
182,Tuktoyaktuk,CA,2022-09-07 20:13:29,69.4541,-133.0374,41.0,93,100,12.66
183,Touros,BR,2022-09-07 20:13:29,-5.1989,-35.4608,77.77,69,0,18.59
184,Houma,US,2022-09-07 20:10:12,29.5958,-90.7195,88.0,72,75,4.61
185,Comodoro Rivadavia,AR,2022-09-07 20:13:29,-45.8667,-67.5,37.26,81,100,8.05
186,Srednekolymsk,RU,2022-09-07 20:13:30,67.45,153.6833,51.69,52,99,7.05
187,Nagpur,IN,2022-09-07 20:11:50,21.15,79.1,77.02,100,75,0.0
188,Itoman,JP,2022-09-07 20:13:30,26.1247,127.6694,78.82,78,20,9.22
189,Narnaund,IN,2022-09-07 20:09:09,29.2167,76.15,83.28,59,3,5.3
190,Naze,JP,2022-09-07 20:13:30,28.3667,129.4833,74.32,75,99,10.33
191,Manaus,BR,2022-09-07 20:09:23,-3.1019,-60.025,90.09,58,40,4.61
192,Hithadhoo,MV,2022-09-07 20:13:31,-0.6,73.0833,81.81,72,99,15.73
193,Oum Hadjer,TD,2022-09-07 20:13:31,13.2954,19.6966,86.41,53,43,5.77
194,Mirnyy,RU,2022-09-07 20:13:31,62.5353,113.9611,35.49,97,19,5.55
195,Faanui,PF,2022-09-07 20:13:31,-16.4833,-151.75,78.03,75,8,22.06
196,Klaksvik,FO,2022-09-07 20:13:32,62.2266,-6.589,56.32,95,36,19.44
197,Adrar,MR,2022-09-07 20:13:32,20.5022,-10.0711,102.07,10,7,10.27
198,Pisco,PE,2022-09-07 20:13:32,-13.7,-76.2167,62.65,82,100,5.75
199,Saldanha,ZA,2022-09-07 20:13:33,-33.0117,17.9442,53.65,89,0,18.54
200,Kaitangata,NZ,2022-09-07 20:13:33,-46.2817,169.8464,42.06,87,100,2.28
201,Banda Aceh,ID,2022-09-07 20:13:33,5.5577,95.3222,79.09,79,100,13.91
202,Mnogovershinnyy,RU,2022-09-07 20:13:34,53.9353,139.9242,44.29,86,100,22.77
203,Seoul,KR,2022-09-07 20:13:34,37.5683,126.9778,65.64,100,0,3.44
204,North Bend,US,2022-09-07 20:13:34,43.4065,-124.2243,75.92,88,40,25.32
205,Chimbote,PE,2022-09-07 20:13:35,-9.0853,-78.5783,65.71,70,49,12.53
206,Zuya,UA,2022-09-07 20:13:35,45.0531,34.3154,50.23,57,0,5.3
207,Providencia,MX,2022-09-07 20:13:35,28.7167,-111.5833,81.21,83,100,13.27
208,Blagoyevo,RU,2022-09-07 20:13:35,63.3667,47.9167,34.11,95,11,4.88
209,Sao Filipe,CV,2022-09-07 20:13:36,14.8961,-24.4956,78.75,87,73,13.71
210,Totma,RU,2022-09-07 20:13:36,59.9747,42.7642,40.84,95,100,7.29
211,Bukachacha,RU,2022-09-07 20:12:16,52.9833,116.9167,40.8,83,1,4.23
212,Ambunti,PG,2022-09-07 20:13:36,-4.2365,142.8448,71.92,100,72,1.74
213,Whitianga,NZ,2022-09-07 20:13:37,-36.8333,175.7,50.09,77,10,3.69
214,Rosetta,EG,2022-09-07 20:13:37,31.4044,30.4164,77.38,78,3,10.2
215,Luanshya,ZM,2022-09-07 20:13:37,-13.1367,28.4166,68.16,36,0,7.9
216,Port Alfred,ZA,2022-09-07 20:13:37,-33.5906,26.891,61.18,92,4,13.67
217,Arman,RU,2022-09-07 20:13:38,59.7,150.1667,55.02,94,100,17.94
218,Namibe,AO,2022-09-07 20:13:38,-15.1961,12.1522,66.81,86,87,1.16
219,Launceston,AU,2022-09-07 20:13:38,-41.45,147.1667,49.8,90,75,9.22
220,Ponta Delgada,PT,2022-09-07 20:13:38,37.7333,-25.6667,74.12,94,20,11.5
221,Veraval,IN,2022-09-07 20:13:39,20.9,70.3667,81.27,80,100,13.33
222,Palu,ID,2022-09-07 20:13:39,-0.8917,119.8707,74.71,93,96,2.91
223,Castro,BR,2022-09-07 20:13:39,-24.7911,-50.0119,63.75,86,22,10.0
224,Nouadhibou,MR,2022-09-07 20:13:40,20.931,-17.0347,75.18,78,12,19.57
225,Takoradi,GH,2022-09-07 20:13:40,4.8845,-1.7554,75.29,89,7,7.78
226,Norman Wells,CA,2022-09-07 20:11:24,65.282,-126.8329,55.44,54,75,13.8
227,Springfield,US,2022-09-07 20:12:29,37.2153,-93.2982,84.22,56,20,6.91
228,Abalak,RU,2022-09-07 20:13:40,58.1286,68.5944,41.83,96,100,7.99
229,Scarborough,GB,2022-09-07 20:13:41,54.2797,-0.4044,60.91,84,100,5.99
230,Noumea,NC,2022-09-07 20:14:41,-22.2763,166.4572,71.01,99,7,6.42
231,Caravelas,BR,2022-09-07 20:14:41,-17.7125,-39.2481,71.24,68,99,9.89
232,Touba,CI,2022-09-07 20:14:42,8.2833,-7.6833,70.74,95,94,3.67
233,Vondrozo,MG,2022-09-07 20:14:42,-22.8167,47.2833,61.07,93,84,1.66
234,Dukat,RU,2022-09-07 20:14:42,62.55,155.55,37.35,96,100,6.96
235,San Carlos De Bariloche,AR,2022-09-07 20:14:43,-41.1456,-71.3082,45.01,46,40,25.32
236,Rafaela,AR,2022-09-07 20:14:43,-31.2503,-61.4867,86.0,11,0,5.01
237,Necochea,AR,2022-09-07 20:14:43,-38.5473,-58.7368,69.57,50,77,8.99
238,Hohhot,CN,2022-09-07 20:14:43,40.8106,111.6522,50.29,81,0,4.47
239,Alim,PH,2022-09-07 20:14:44,9.5649,122.4876,80.15,80,100,3.02
240,Floro,NO,2022-09-07 20:14:44,61.5996,5.0328,58.96,77,0,9.22
241,Inirida,CO,2022-09-07 20:14:44,3.8653,-67.9239,87.21,58,55,2.62
242,Cartagena,CO,2022-09-07 20:14:44,10.3997,-75.5144,87.42,74,75,9.22
243,Basco,PH,2022-09-07 20:14:45,20.4487,121.9702,82.47,79,99,18.28
244,Atar,MR,2022-09-07 20:14:45,20.5169,-13.0499,100.56,16,10,9.15
245,Novikovo,RU,2022-09-07 20:14:45,51.1537,37.8879,46.8,54,57,7.2
246,Airai,TL,2022-09-07 20:14:46,-8.9266,125.4092,57.56,63,100,2.13
247,Snasa,NO,2022-09-07 20:14:46,64.2457,12.3778,49.41,72,100,5.75
248,Bela,IN,2022-09-07 20:14:46,25.9333,81.9833,83.97,69,84,6.04
249,Tamale,GH,2022-09-07 20:14:45,9.4008,-0.8393,75.33,91,86,5.19
250,Vila Velha,BR,2022-09-07 20:14:09,-20.3297,-40.2925,73.35,71,75,10.36
251,Barrow,US,2022-09-07 20:14:47,71.2906,-156.7887,42.82,87,75,8.05
252,Khatanga,RU,2022-09-07 20:14:47,71.9667,102.5,31.82,83,97,9.37
253,Oga,IT,2022-09-07 20:14:47,46.4631,10.347,59.68,92,98,6.15
254,Atasu,KZ,2022-09-07 20:14:47,48.6814,71.6433,55.63,30,88,6.98
255,Chifeng,CN,2022-09-07 20:14:48,42.2683,118.9636,60.62,44,0,6.91
256,Riyadh,SA,2022-09-07 20:12:41,24.6877,46.7219,98.74,14,0,10.58
257,Asau,RO,2022-09-07 20:14:48,46.4333,26.4,54.52,91,17,4.85
258,Oistins,BB,2022-09-07 20:14:48,13.0667,-59.5333,87.89,66,20,11.5
259,Gamba,GA,2022-09-07 20:14:49,-2.65,10.0,73.63,89,100,7.4
260,Ust-Maya,RU,2022-09-07 20:14:49,60.4167,134.5333,45.77,96,100,11.72
261,Yarmouth,US,2022-09-07 20:13:46,41.7057,-70.2286,70.02,83,100,10.36
262,Boyabat,TR,2022-09-07 20:14:49,41.4689,34.7667,55.87,85,19,1.43
263,Moshkovo,RU,2022-09-07 20:14:50,55.3053,83.6104,49.08,65,47,19.93
264,Oranjemund,NA,2022-09-07 20:14:50,-28.55,16.4333,56.25,83,0,4.7
265,Sakakah,SA,2022-09-07 20:14:50,29.9697,40.2064,87.37,21,0,11.52
266,Carutapera,BR,2022-09-07 20:14:51,-1.195,-46.02,79.92,80,100,7.81
267,Kodiak,US,2022-09-07 20:14:51,57.79,-152.4072,54.91,76,100,5.75
268,Vostok,RU,2022-09-07 20:14:51,46.4856,135.8833,45.21,95,3,6.98
269,Lebowakgomo,ZA,2022-09-07 20:14:52,-24.2,29.5,55.85,83,0,5.5
270,Ahipara,NZ,2022-09-07 20:14:52,-35.1667,173.1667,50.81,77,98,3.49
271,Leh,IN,2022-09-07 20:14:52,34.1667,77.5833,50.99,85,100,0.83
272,Cabedelo,BR,2022-09-07 20:14:52,-6.9811,-34.8339,77.67,75,18,19.48
273,Rawlins,US,2022-09-07 20:14:53,41.7911,-107.2387,89.49,9,0,0.0
274,Oranjestad,AW,2022-09-07 20:13:46,12.524,-70.027,91.35,62,20,16.11
275,Boca Do Acre,BR,2022-09-07 20:15:53,-8.7522,-67.3978,101.89,20,55,3.44
276,Kibaya,TZ,2022-09-07 20:15:53,-5.3,36.5667,57.51,76,8,4.52
277,Narsaq,GL,2022-09-07 20:15:54,60.9167,-46.05,53.82,79,16,2.82
278,Kaihua,CN,2022-09-07 20:15:54,23.3687,104.28,61.9,88,87,3.6
279,Vila Do Maio,CV,2022-09-07 20:15:54,15.1333,-23.2167,83.19,88,47,18.01
280,Coihaique,CL,2022-09-07 20:11:02,-45.5752,-72.0662,38.01,81,100,4.61
281,Nanortalik,GL,2022-09-07 20:15:55,60.1432,-45.2371,44.71,89,31,5.21
282,Torbay,CA,2022-09-07 20:15:55,47.6666,-52.7314,58.39,74,99,15.01
283,La Rioja,ES,2022-09-07 20:15:55,42.25,-2.5,60.58,50,61,7.72
284,Salalah,OM,2022-09-07 20:15:56,17.0151,54.0924,77.09,94,100,5.75
285,Trelleborg,SE,2022-09-07 20:15:56,55.3751,13.1569,60.75,66,100,23.89
286,Kiunga,PG,2022-09-07 20:15:56,-6.1219,141.2906,72.32,100,74,1.79
287,Warburg,DE,2022-09-07 20:15:56,51.5,9.1667,67.68,88,0,3.44
288,Egvekinot,RU,2022-09-07 20:15:57,66.3167,-179.1667,34.83,73,9,4.76
289,Hamilton,US,2022-09-07 20:11:36,39.1834,-84.5333,81.5,55,40,9.22
290,Bardiyah,LY,2022-09-07 20:15:57,31.7561,25.0865,76.98,66,0,11.5
291,Hearst,CA,2022-09-07 20:15:57,49.6835,-83.6665,73.65,29,4,6.35
292,Sabla,NG,2022-09-07 20:15:58,12.7525,4.7077,74.37,80,100,3.51
293,Talnakh,RU,2022-09-07 20:15:58,69.4865,88.3972,30.49,82,10,2.77
294,Tuatapere,NZ,2022-09-07 20:15:58,-46.1333,167.6833,39.13,90,88,4.0
295,Cayenne,GF,2022-09-07 20:15:59,4.9333,-52.3333,87.84,66,91,12.66
296,Half Moon Bay,US,2022-09-07 20:13:56,37.4636,-122.4286,102.54,59,0,8.05
297,Faya,SA,2022-09-07 20:15:59,18.3851,42.4509,71.71,43,70,6.51
298,Boende,CD,2022-09-07 20:15:59,-0.2167,20.8667,78.28,70,92,1.28
299,Ghanzi,BW,2022-09-07 20:15:59,-21.5667,21.7833,68.34,34,4,10.89
300,Anito,PH,2022-09-07 20:16:00,12.4497,125.2886,79.74,87,100,3.09
301,Vetel,RO,2022-09-07 20:16:00,45.9,22.8167,60.58,84,15,1.97
302,Accra,GH,2022-09-07 20:13:04,5.556,-0.1969,77.41,88,75,11.5
303,Genhe,CN,2022-09-07 20:16:00,50.7833,121.5167,43.41,93,13,2.21
304,Shakiso,ET,2022-09-07 20:16:01,5.75,38.9167,61.25,94,100,2.82
305,Brookings,US,2022-09-07 20:13:22,44.3114,-96.7984,86.34,19,0,12.55
306,Laguna,US,2022-09-07 20:16:01,38.421,-121.4238,106.43,17,0,13.8
307,Constitucion,CL,2022-09-07 20:16:01,-35.3333,-72.4167,47.71,85,100,5.14
308,Schwabmunchen,DE,2022-09-07 20:16:02,48.1833,10.75,68.38,79,75,2.3
309,Cockburn Town,TC,2022-09-07 20:16:02,21.4612,-71.1419,83.32,74,7,11.59
310,North Platte,US,2022-09-07 20:16:02,41.1239,-100.7654,93.09,29,0,12.66
311,Lompoc,US,2022-09-07 20:16:03,34.6391,-120.4579,92.59,48,0,17.27
312,Salinopolis,BR,2022-09-07 20:16:03,-0.6136,-47.3561,81.46,74,91,13.15
313,Islamabad,PK,2022-09-07 20:13:19,33.7104,73.1338,82.83,77,0,4.9
314,Shahr-E Babak,IR,2022-09-07 20:16:03,30.1165,55.1186,75.33,10,0,8.79
315,Churapcha,RU,2022-09-07 20:16:04,62.0025,132.4325,41.77,89,100,14.76
316,Xixiang,CN,2022-09-07 20:16:04,35.1628,112.865,72.34,48,100,3.31
317,Bilibino,RU,2022-09-07 20:16:05,68.0546,166.4372,42.1,57,8,2.93
318,Twin Falls,US,2022-09-07 20:16:05,42.3505,-114.6445,97.14,12,0,10.36
319,Altamont,US,2022-09-07 20:13:34,42.2068,-121.7372,92.79,26,75,5.75
320,Yining,CN,2022-09-07 20:16:05,29.0361,114.5636,73.87,64,100,1.95
321,Katsuura,JP,2022-09-07 20:16:06,35.1333,140.3,77.02,86,56,9.98
322,Chilca,PE,2022-09-07 20:17:06,-12.5211,-76.7372,61.7,77,77,6.76
323,Kruisfontein,ZA,2022-09-07 20:17:06,-34.0033,24.7314,55.89,88,0,2.39
324,Gold Coast,AU,2022-09-07 20:17:07,-28.0,153.4333,55.99,97,40,3.44
325,Leningradskiy,RU,2022-09-07 20:17:07,69.3833,178.4167,39.16,63,1,7.09
326,Skjervoy,NO,2022-09-07 20:17:08,70.0311,20.9714,46.4,74,100,5.66
327,Karratha,AU,2022-09-07 20:17:08,-20.7377,116.8463,65.53,63,3,6.2
328,Mastic Beach,US,2022-09-07 20:17:08,40.7668,-72.8521,73.78,78,100,11.99
329,Huarmey,PE,2022-09-07 20:17:09,-10.0681,-78.1522,66.18,69,36,11.79
330,Fortuna,US,2022-09-07 20:17:09,40.5982,-124.1573,66.54,91,97,5.39
331,Gillette,US,2022-09-07 20:17:09,44.2911,-105.5022,102.11,8,0,19.57
332,Shenjiamen,CN,2022-09-07 20:17:10,29.9576,122.298,75.87,73,82,5.73
333,Pouembout,NC,2022-09-07 20:17:10,-21.1333,164.9,67.05,81,74,4.41
334,Altay,CN,2022-09-07 20:17:10,47.8667,88.1167,68.47,24,0,6.91
335,Columbus,US,2022-09-07 20:14:25,39.9612,-82.9988,80.11,49,20,12.66
336,Vilhena,BR,2022-09-07 20:17:11,-12.7406,-60.1458,93.42,29,0,10.36
337,Whitehorse,CA,2022-09-07 20:17:11,60.7161,-135.0538,60.1,47,40,2.3
338,Severo-Yeniseyskiy,RU,2022-09-07 20:17:11,60.3725,93.0408,49.08,95,96,8.1
339,Uchiza,PE,2022-09-07 20:17:12,-8.4592,-76.4633,93.2,32,23,0.51
340,Tongliao,CN,2022-09-07 20:17:12,43.6125,122.2653,62.71,52,0,9.33
341,Chapais,CA,2022-09-07 20:17:12,49.7834,-74.8492,73.18,39,100,6.58
342,Katobu,ID,2022-09-07 20:17:13,-4.9408,122.5276,73.27,93,84,3.53
343,Balykshi,KZ,2022-09-07 20:17:13,47.0667,51.8667,57.2,54,40,8.95
344,Ust-Omchug,RU,2022-09-07 20:12:17,61.15,149.6333,46.13,92,100,7.14
345,Baykit,RU,2022-09-07 20:17:13,61.67,96.37,46.13,97,100,8.97
346,Dingtao,CN,2022-09-07 20:17:14,35.0683,115.5625,66.78,64,92,3.71
347,Svarstad,NO,2022-09-07 20:17:14,59.399,9.9698,59.67,81,100,2.51
348,Abha,SA,2022-09-07 20:14:51,18.2164,42.5053,71.42,30,0,0.0
349,Grants Pass,US,2022-09-07 20:13:54,42.439,-123.3284,94.8,30,0,11.5
350,Voskresenskoye,RU,2022-09-07 20:17:14,56.8381,45.4317,44.92,97,100,5.77
351,Hay River,CA,2022-09-07 20:15:14,60.8156,-115.7999,55.36,50,75,11.5
352,Trincomalee,LK,2022-09-07 20:17:15,8.5711,81.2335,80.24,77,100,21.5
353,Yambio,SS,2022-09-07 20:17:15,4.5721,28.3955,68.76,93,16,2.24
354,Luderitz,NA,2022-09-07 20:17:15,-26.6481,15.1594,59.5,74,0,7.31
355,Mahebourg,MU,2022-09-07 20:17:16,-20.4081,57.7,70.09,83,75,3.44
356,Mahibadhoo,MV,2022-09-07 20:17:16,3.7833,72.9667,80.35,83,100,13.8
357,Moron,AR,2022-09-07 20:17:16,-34.6534,-58.6198,77.95,35,2,9.24
358,Deputatskiy,RU,2022-09-07 20:17:17,69.3,139.9,40.95,79,100,6.04
359,Haputale,LK,2022-09-07 20:17:17,6.7681,80.9595,62.74,77,100,5.93
360,Henties Bay,NA,2022-09-07 20:17:18,-22.116,14.2845,57.4,82,0,7.63
361,Chipinge,ZW,2022-09-07 20:17:18,-20.1883,32.6236,58.95,77,49,8.52
362,Juneau,US,2022-09-07 20:17:18,58.3019,-134.4197,60.8,85,40,5.75
363,Mar Del Plata,AR,2022-09-07 20:16:13,-38.0023,-57.5575,73.42,77,0,11.5
364,Beidao,CN,2022-09-07 20:17:19,34.5686,105.8933,63.59,89,100,1.25
365,Cabo San Lucas,MX,2022-09-07 20:13:04,22.8909,-109.9124,81.05,88,100,17.27
366,Sarahan,IN,2022-09-07 20:17:19,31.5167,77.8,60.1,81,0,2.17
367,Iqaluit,CA,2022-09-07 20:18:20,63.7506,-68.5145,42.53,86,75,12.66
368,Hanna,CA,2022-09-07 20:16:54,51.6334,-111.9018,84.85,20,73,11.01
369,Carora,VE,2022-09-07 20:18:20,10.1755,-70.0827,94.5,33,79,7.02
370,Mayskiy,RU,2022-09-07 20:18:21,47.6931,40.1025,53.01,42,0,3.91
371,Ilo,PE,2022-09-07 20:18:21,-17.6394,-71.3375,63.46,72,75,10.36
372,Pacific Grove,US,2022-09-07 20:18:21,36.6177,-121.9166,91.35,57,0,1.99
373,Osoyoos,CA,2022-09-07 20:15:14,49.0331,-119.4524,79.56,37,100,2.3
374,Komsomolskiy,UZ,2022-09-07 20:18:22,40.4272,71.7189,75.92,33,0,6.91
375,Sao Jose Da Coroa Grande,BR,2022-09-07 20:18:22,-8.8978,-35.1478,75.16,68,1,10.42
376,Reynosa,MX,2022-09-07 20:18:00,26.0833,-98.2833,94.21,56,40,6.91
377,Te Anau,NZ,2022-09-07 20:18:22,-45.4167,167.7167,33.75,96,79,1.36
378,Machico,PT,2022-09-07 20:18:23,32.7,-16.7667,75.7,79,20,9.22
379,Kahului,US,2022-09-07 20:18:23,20.8947,-156.47,89.62,60,20,19.57
380,Ponta Do Sol,PT,2022-09-07 20:18:23,32.6667,-17.1,75.7,79,8,1.05
381,Valeggio Sul Mincio,IT,2022-09-07 20:18:23,45.3523,10.7367,77.18,78,40,6.91
382,Guerrero Negro,MX,2022-09-07 20:18:24,27.9769,-114.0611,85.82,57,82,16.89
383,Maneadero,MX,2022-09-07 20:18:24,31.7167,-116.5667,80.1,79,10,4.0
384,Shumyachi,RU,2022-09-07 20:18:24,53.8583,32.4242,50.22,74,100,6.53
385,Srandakan,ID,2022-09-07 20:18:25,-7.9386,110.2506,75.4,91,96,5.5
386,Umm Lajj,SA,2022-09-07 20:17:20,25.0213,37.2685,86.11,54,0,8.86
387,Elat,IL,2022-09-07 20:18:25,29.5581,34.9482,87.64,35,0,6.91
388,Chicama,PE,2022-09-07 20:18:25,-7.8447,-79.1469,61.34,59,79,11.07
389,Culiacan,MX,2022-09-07 20:16:48,24.7994,-107.3897,89.64,60,100,9.22
390,Morant Bay,JM,2022-09-07 20:18:26,17.8815,-76.4093,87.42,74,30,8.1
391,Westport,US,2022-09-07 20:18:26,41.1415,-73.3579,74.08,63,100,10.36
392,Chapleau,CA,2022-09-07 20:15:14,47.8405,-83.4034,75.29,46,40,4.61
393,Bafoulabe,ML,2022-09-07 20:18:26,13.8065,-10.8321,74.37,81,100,4.25
394,Chernyshevskiy,RU,2022-09-07 20:18:27,63.0128,112.4714,33.12,96,13,3.51
395,Marquette,US,2022-09-07 20:18:27,46.5333,-87.6335,77.77,73,7,9.19
396,Toyooka,JP,2022-09-07 20:18:27,35.5333,134.8333,72.57,80,99,4.47
397,Ambon,ID,2022-09-07 20:18:28,-3.6954,128.1814,78.24,15,20,2.3
398,Hailar,CN,2022-09-07 20:18:28,49.2,119.7,54.25,86,74,8.95
399,Longyearbyen,SJ,2022-09-07 20:18:28,78.2186,15.6401,40.84,93,75,10.36
400,Masuguru,TZ,2022-09-07 20:18:29,-11.3667,38.4167,76.3,47,35,4.65
401,Margate,GB,2022-09-07 20:18:29,51.3813,1.3862,65.89,86,100,1.01
402,Esmeralda,CU,2022-09-07 20:18:29,21.8525,-78.1169,92.43,46,13,12.03
403,Semirom,IR,2022-09-07 20:18:29,31.4167,51.5667,65.35,47,20,3.0
404,Opole Lubelskie,PL,2022-09-07 20:18:30,51.1478,21.969,54.37,44,69,8.95
405,Balkhash,KZ,2022-09-07 20:18:30,46.844,74.9804,66.69,28,17,16.67
406,Olafsvik,IS,2022-09-07 20:18:30,64.8945,-23.7142,53.4,76,28,4.12
407,Kuryk,KZ,2022-09-07 20:18:31,43.2,51.65,65.93,43,100,10.45
408,Irtyshskiy,RU,2022-09-07 20:18:31,58.3333,68.1333,42.42,95,100,8.3
409,Galesong,ID,2022-09-07 20:19:31,-5.3166,119.3661,75.22,74,95,4.29
410,Buala,SB,2022-09-07 20:19:31,-8.145,159.5921,79.57,82,21,8.37
411,Mehran,IR,2022-09-07 20:19:32,33.1222,46.1646,97.52,16,0,5.23
412,Nichinan,JP,2022-09-07 20:19:32,31.6,131.3667,73.74,72,86,7.9
413,Oda,JP,2022-09-07 20:19:32,35.1833,132.5,69.21,81,97,8.9
414,Marfino,RU,2022-09-07 20:19:33,55.7028,37.3822,46.65,85,75,6.71
415,Savelugu,GH,2022-09-07 20:19:33,9.6244,-0.8253,75.96,90,100,5.35
416,Ostersund,SE,2022-09-07 20:19:33,63.1792,14.6357,48.65,87,0,12.66
417,Kattivakkam,IN,2022-09-07 20:19:33,13.2167,80.3167,78.89,81,100,15.41
418,Berlevag,NO,2022-09-07 20:19:34,70.8578,29.0864,44.6,81,100,11.5
419,Praia Da Vitoria,PT,2022-09-07 20:19:34,38.7333,-27.0667,79.05,83,20,13.24
420,Tromso,NO,2022-09-07 20:19:34,69.6496,18.957,46.42,87,75,3.44
421,Pitimbu,BR,2022-09-07 20:19:35,-7.4706,-34.8086,77.59,72,18,17.02
422,Karasburg,NA,2022-09-07 20:19:35,-28.0167,18.75,69.6,13,0,6.15
423,Tocopilla,CL,2022-09-07 20:19:35,-22.092,-70.1979,61.83,66,19,8.9
424,Codrington,AU,2022-09-07 20:19:35,-38.2667,141.9667,56.89,87,100,16.67
425,Samarai,PG,2022-09-07 20:19:36,-10.6167,150.6667,79.48,83,15,9.15
426,Kon Tum,VN,2022-09-07 20:19:36,14.35,108.0,69.13,98,100,0.74
427,Pachino,IT,2022-09-07 20:19:36,36.7186,15.0907,78.66,80,6,10.74
428,Tres Arroyos,AR,2022-09-07 20:19:37,-38.3739,-60.2798,74.32,30,100,11.03
429,Port Hedland,AU,2022-09-07 20:19:37,-20.3167,118.5667,59.05,77,5,8.05
430,Biak,ID,2022-09-07 20:19:37,-0.9131,122.8766,74.35,87,75,1.95
431,Mercedes,AR,2022-09-07 20:19:38,-34.6515,-59.4307,79.03,26,0,13.31
432,Casas Grandes,MX,2022-09-07 20:19:38,30.3667,-107.95,80.44,37,100,16.42
433,Beloha,MG,2022-09-07 20:19:38,-25.1667,45.05,67.3,73,60,12.64
434,Celestun,MX,2022-09-07 20:19:38,20.8667,-90.4,84.49,72,90,9.69
435,Hofn,IS,2022-09-07 20:19:39,64.2539,-15.2082,52.21,90,100,5.44
436,Pitanga,BR,2022-09-07 20:19:39,-24.7572,-51.7614,64.4,91,93,4.59
437,Sunbury,AU,2022-09-07 20:19:39,-37.5833,144.7333,57.56,91,100,10.36
438,Sikasso,ML,2022-09-07 20:19:40,10.9167,-7.0,75.67,89,99,3.78
439,Zurrieq,MT,2022-09-07 20:19:40,35.8311,14.4742,80.96,75,39,7.31
440,Eskisehir,TR,2022-09-07 20:16:40,39.7767,30.5206,58.87,72,0,6.91
441,Villa Guerrero,MX,2022-09-07 20:19:40,18.8667,-99.65,71.28,75,80,2.73
442,Muros,ES,2022-09-07 20:19:41,42.7762,-9.0603,66.09,83,87,5.99
443,Anloga,GH,2022-09-07 20:19:41,5.7947,0.8973,77.07,88,7,14.52
444,Lasa,IT,2022-09-07 20:19:41,46.6166,10.7002,67.08,94,90,4.52
445,Kafue,ZM,2022-09-07 20:19:41,-15.7691,28.1814,65.23,44,0,5.17
446,Los Llanos De Aridane,ES,2022-09-07 20:19:42,28.6585,-17.9182,71.35,91,20,13.8
447,Miandrivazo,MG,2022-09-07 20:19:42,-19.5167,45.4667,73.87,48,0,2.57
448,Tingi,TZ,2022-09-07 20:19:42,-11.3,35.0333,60.98,58,46,3.51
449,Klyuchi,RU,2022-09-07 20:19:43,52.2667,79.1667,55.51,51,100,13.2
450,Jega,NG,2022-09-07 20:19:43,12.2175,4.3792,75.92,91,100,5.1
451,Luanda,AO,2022-09-07 20:19:43,-8.8368,13.2343,71.6,88,75,3.44
452,Okhotsk,RU,2022-09-07 20:19:43,59.3833,143.3,53.64,93,100,23.67
453,Upala,CR,2022-09-07 20:19:44,10.8979,-85.0145,90.16,78,100,3.36
454,Port Keats,AU,2022-09-07 20:20:44,-14.25,129.55,73.83,91,56,5.32
455,Fairbanks,US,2022-09-07 20:19:26,64.8378,-147.7164,50.49,88,75,3.44
456,Centralia,US,2022-09-07 20:17:06,46.7162,-122.9543,77.07,50,100,5.06
457,Schroeder,BR,2022-09-07 20:20:44,-26.4125,-49.0731,69.37,98,97,2.57
458,Acarau,BR,2022-09-07 20:20:45,-2.8856,-40.12,81.0,67,5,19.42
459,Lufilufi,WS,2022-09-07 20:20:45,-13.8745,-171.5986,83.98,71,83,20.87
460,Banepa,NP,2022-09-07 20:20:45,27.6298,85.5214,68.32,94,75,2.3
461,Mae Ramat,TH,2022-09-07 20:20:46,16.984,98.5166,72.59,99,100,1.19
462,Talcahuano,CL,2022-09-07 20:20:46,-36.7167,-73.1167,53.28,58,100,13.8
463,Varhaug,NO,2022-09-07 20:20:46,58.6147,5.6457,62.89,55,100,20.96
464,Guiratinga,BR,2022-09-07 20:20:46,-16.3494,-53.7583,97.27,14,6,10.2
465,Isaka,TZ,2022-09-07 20:20:47,-3.9,32.9333,72.54,62,97,4.29
466,Honningsvag,NO,2022-09-07 20:20:47,70.9821,25.9704,46.15,87,75,13.8
467,Mecca,SA,2022-09-07 20:20:47,21.4267,39.8261,88.56,44,0,5.5
468,Akkermanovka,RU,2022-09-07 20:20:48,51.2467,58.2391,46.18,59,8,5.19
469,Russell,US,2022-09-07 20:20:48,32.3502,-85.1999,88.97,58,0,5.75
470,Xai-Xai,MZ,2022-09-07 20:20:48,-25.0519,33.6442,64.63,81,2,7.02
471,Kysyl-Syr,RU,2022-09-07 20:20:48,63.8986,122.7617,37.31,95,16,6.02
472,Kupang,ID,2022-09-07 20:20:49,-10.1667,123.5833,74.01,79,29,5.91
473,Mtambile,TZ,2022-09-07 20:20:49,-5.3833,39.7,73.74,84,0,10.78
474,Chulym,RU,2022-09-07 20:20:49,55.0997,80.9572,49.64,65,16,21.45
475,Maputi,PH,2022-09-07 20:20:50,8.4497,124.2906,73.74,85,99,4.59
476,Vilyuysk,RU,2022-09-07 20:20:50,63.7553,121.6247,42.03,83,92,5.26
477,Gorontalo,ID,2022-09-07 20:20:50,0.5412,123.0595,73.36,95,99,1.61
478,Zeya,RU,2022-09-07 20:20:50,53.75,127.2667,43.09,78,0,6.29
479,Dunbar,US,2022-09-07 20:20:51,38.3606,-81.7374,80.35,66,75,5.75
480,Canmore,CA,2022-09-07 20:20:51,51.0834,-115.3521,78.91,28,5,8.05
481,Alofi,NU,2022-09-07 20:20:51,-19.0595,-169.9187,78.69,73,40,12.66
482,Smithers,CA,2022-09-07 20:16:36,54.7804,-127.1743,55.72,76,75,3.44
483,Sabang,ID,2022-09-07 20:20:52,5.8933,95.3214,82.31,73,100,22.44
484,Benjamin Hill,MX,2022-09-07 20:20:52,30.1667,-111.1,83.07,55,100,9.89
485,Monteagudo,BO,2022-09-07 20:20:52,-19.8167,-63.9833,93.72,14,0,9.22
486,Mandalgovi,MN,2022-09-07 20:20:52,45.7625,106.2708,61.52,22,5,3.96
487,Ballina,AU,2022-09-07 20:20:53,-28.8667,153.5667,52.02,99,14,4.7
488,Makoshyne,UA,2022-09-07 20:20:53,51.46,32.3396,47.1,54,68,7.94
489,Yulara,AU,2022-09-07 20:20:53,-25.2406,130.9889,51.39,52,0,7.61
490,Girona,ES,2022-09-07 20:16:43,41.9831,2.8249,80.49,81,0,6.91
491,Tucuman,AR,2022-09-07 20:20:54,-26.8241,-65.2226,93.2,11,62,4.61
492,Tianpeng,CN,2022-09-07 20:20:54,30.9866,103.9393,74.71,77,100,2.46
493,Kayes,ML,2022-09-07 20:20:54,14.0,-11.0,77.68,64,100,4.83
494,Tiznit,MA,2022-09-07 20:20:55,29.5833,-9.5,72.55,59,0,2.42
495,Ondjiva,AO,2022-09-07 20:20:55,-17.0667,15.7333,73.67,12,0,7.02
496,Tugulym,RU,2022-09-07 20:20:55,57.0591,64.6425,42.87,96,48,6.67
497,College,US,2022-09-07 20:20:56,64.8569,-147.8028,50.47,89,75,3.44
498,Medea,DZ,2022-09-07 20:20:56,36.2642,2.7539,77.02,37,11,4.5
499,Verkhoyansk,RU,2022-09-07 20:20:56,67.5447,133.385,46.62,60,100,9.64
500,Bafq,IR,2022-09-07 20:21:57,31.6128,55.4107,82.26,10,0,2.48
501,Labytnangi,RU,2022-09-07 20:21:57,66.6572,66.4183,32.31,90,68,4.32
502,Youkounkoun,GN,2022-09-07 20:21:57,12.5333,-13.1333,77.99,93,97,1.57
503,Along,IN,2022-09-07 20:21:57,28.1667,94.7667,73.31,84,100,1.19
504,Vestmannaeyjar,IS,2022-09-07 20:21:58,63.4427,-20.2734,54.12,84,100,6.8
505,Preeceville,CA,2022-09-07 20:21:58,51.95,-102.6677,85.24,20,0,17.76
506,Suseni,RO,2022-09-07 20:21:58,46.6667,25.55,51.4,95,19,0.96
507,Severobaykalsk,RU,2022-09-07 20:21:59,55.65,109.3167,44.42,76,90,3.96
508,Santa Cruz,BO,2022-09-07 20:19:40,-17.8,-63.1667,89.65,29,0,25.32
509,Evensk,RU,2022-09-07 20:21:59,61.95,159.2333,45.55,78,100,7.18
510,Plettenberg Bay,ZA,2022-09-07 20:21:59,-34.0527,23.3716,56.26,62,0,2.39
511,Drawsko Pomorskie,PL,2022-09-07 20:21:59,53.5306,15.8097,62.89,47,99,10.6
512,Armizonskoye,RU,2022-09-07 20:22:00,55.9461,67.6736,41.58,91,73,9.51
513,Venice,US,2022-09-07 20:19:46,27.0998,-82.4543,94.98,64,0,11.5
514,Brooks,CA,2022-09-07 20:22:00,50.5834,-111.8851,93.18,15,97,17.27
515,Hami,CN,2022-09-07 20:22:00,42.8,93.45,76.68,13,4,2.42
516,Mersing,MY,2022-09-07 20:22:01,2.4312,103.8405,75.11,94,40,3.44
517,Krasnogorskiy,RU,2022-09-07 20:22:01,54.6025,61.231,40.26,82,15,7.96
518,Lamu,KE,2022-09-07 20:22:01,-2.2717,40.902,75.42,83,13,16.28
519,Gornopravdinsk,RU,2022-09-07 20:22:02,60.05,69.9,44.1,96,100,7.96
520,Malpe,IN,2022-09-07 20:22:02,13.35,74.7167,76.3,95,100,8.68
521,Korla,CN,2022-09-07 20:22:02,41.7597,86.1469,77.14,19,0,2.84
522,Kendal,GB,2022-09-07 20:22:03,54.3268,-2.7476,57.83,95,100,4.61
523,Camacha,PT,2022-09-07 20:22:03,33.0833,-16.3333,71.02,78,20,8.05
524,Iguape,BR,2022-09-07 20:22:03,-24.7081,-47.5553,65.55,96,99,14.85
525,Vanimo,PG,2022-09-07 20:22:04,-2.6741,141.3028,76.44,88,79,3.62
526,Esil,KZ,2022-09-07 20:22:04,51.9556,66.4042,48.34,51,4,8.23
527,Mitsamiouli,KM,2022-09-07 20:22:04,-11.3847,43.2844,75.88,74,10,5.1
528,Bud,US,2022-09-07 20:22:05,39.447,-86.1758,81.14,58,3,7.74
529,Biltine,TD,2022-09-07 20:22:05,14.5333,20.9167,83.26,58,92,8.19
530,Beatrice,US,2022-09-07 20:22:05,40.2681,-96.747,90.18,40,0,0.0
531,Zalantun,CN,2022-09-07 20:22:06,48.0,122.7167,58.86,66,100,4.85
532,Yerbogachen,RU,2022-09-07 20:22:06,61.2767,108.0108,36.46,97,69,4.79
533,Vinces,EC,2022-09-07 20:22:06,-1.55,-79.7333,81.91,62,99,2.46
534,Houston,US,2022-09-07 20:19:26,29.7633,-95.3633,96.42,51,40,8.05
535,Virginia Beach,US,2022-09-07 20:18:51,36.8529,-75.978,84.04,65,75,16.11
536,Sembe,CG,2022-09-07 20:22:07,1.6481,14.5806,72.48,96,53,2.8
537,Maunabo,PR,2022-09-07 20:22:07,18.0072,-65.8993,86.7,83,74,8.21
538,Suwalki,PL,2022-09-07 20:22:07,54.1118,22.9309,47.44,63,11,4.61
539,Wanaka,NZ,2022-09-07 20:22:08,-44.7,169.15,39.29,84,97,1.36
540,Svetlogorsk,BY,2022-09-07 20:22:08,52.6333,29.7333,47.23,59,85,4.54
541,Shiraz,IR,2022-09-07 20:22:08,29.6036,52.5388,81.84,24,2,4.61
542,San Quintin,MX,2022-09-07 20:22:09,30.4833,-115.95,83.62,61,3,8.95
543,Falam,MM,2022-09-07 20:22:09,22.9167,93.6833,61.84,94,98,1.01
544,Tilichiki,RU,2022-09-07 20:22:09,60.4667,166.1,45.16,74,42,4.29
545,Maniitsoq,GL,2022-09-07 20:22:10,65.4167,-52.9,40.23,83,100,5.79
546,La Romana,DO,2022-09-07 20:22:10,18.4273,-68.9728,88.16,79,20,0.0
547,Zhigansk,RU,2022-09-07 20:23:10,66.7697,123.3711,40.8,85,92,2.73
548,Fort-Shevchenko,KZ,2022-09-07 20:23:11,44.5086,50.263,64.47,71,99,4.99
549,Bangangte,CM,2022-09-07 20:23:11,5.1409,10.5198,62.71,99,91,4.59
550,Khasan,RU,2022-09-07 20:23:11,42.4308,130.6434,60.57,72,0,4.59
551,Scottsbluff,US,2022-09-07 20:19:16,41.8666,-103.6672,101.79,20,0,8.05
552,Yoichi,JP,2022-09-07 20:23:12,43.2039,140.7703,60.93,75,0,9.91
553,Angoche,MZ,2022-09-07 20:23:12,-16.2325,39.9086,73.51,75,0,9.4
554,Makakilo City,US,2022-09-07 20:20:48,21.3469,-158.0858,86.32,59,100,17.27
